"ExptID","SampleID","Type","Lane","BarcodeIdx","Project","Collaborator","Harvest By","Harvest Date","Harvest Time","First Strand Amp By","First Strand Amp Date","Amplified By","Amplified Date","Library By","Library Date","Species","Strain","Strain Other","Age Harvested Unit","Age Harvested Unit Other","Age Harvested Value","Age Culture","Harvest Method","Harvest Quant","Harvest Compound","Is Harvest Compound Uncaged","Region","Subregion","Subregion Other","Cell Type","Cell Type Other","Cell Subtype","Cell Subtype Other","Supplier","Source Type","Source Unit","Source Unit Other","Source Region","Source Region Other","Patient ID","Cell ID","Dendrite ID","Source Well ID","Treatment","Replicate","Source Amplification Method","Source Amplification Rounds","First Sequencing Barcode","Second Sequencing Barcode","Non-Sequencing Barcode","Spike-In Type","Spike-In Dilution","Library Input Amount","Library Kit","Strand Specific","Library Const PCR Cycles","Amplification Protocol","Library Protocol","Analysis Protocol","Contaminants File","dbGaP Release","SRA ID","Notes","pipeline","STAR.star.version","STAR.samtools.version","STAR.species (genome)","STAR.SE","STAR.readLength","STAR.Tot Reads After Trim","STAR.Avg Inp Read Len","STAR.Avg Uniq Map Len","STAR.Perc Bases Mismatched","STAR.Uniq-mapped Reads","STAR.Total-mapped Reads","STAR.Uniq-mapped Perc","STAR.Multi-mapped Perc","STAR.Not-mapped Perc","VERSE.verse.version","VERSE.transcriptome","VERSE.stranded","VERSE.ID_attribute","VERSE.introns","VERSE.intergenic","VERSE.lines-sines","VERSE.exons Level 1,2: non-SpikeIn Reads Counted","VERSE.exons Level 1,2: SpikeIn Reads Counted","VERSE.exons Level 1,2: Num Genes","VERSE.exons Level 1,2: Avg Read Per Gene","VERSE.exons Level 1,2: Max Reads Per Gene","VERSE.exons Level 1,2: Ambiguous Mapped","VERSE.exons Level 3: Reads Counted","VERSE.exons Level 3: Num Genes","VERSE.exons Level 3: Avg Read Per Gene","VERSE.exons Level 3: Max Reads Per Gene","VERSE.exons Level 3: Ambiguous Mapped","VERSE.anti-exons: non-spikeIn Reads Counted","VERSE.anti-exons: spikeIn Reads Counted","VERSE.anti-exons: Reads Counted","VERSE.anti-exons: Num Genes","VERSE.anti-exons: Avg Read Per Gene","VERSE.anti-exons: Max Reads Per Gene","VERSE.anti-exons: Ambiguous Mapped","VERSE.introns Level 1,2: Reads Counted","VERSE.introns Level 1,2: Num Genes","VERSE.introns Level 1,2: Avg Read Per Gene","VERSE.introns Level 1,2: Max Reads Per Gene","VERSE.introns Level 1,2: Ambiguous Mapped","VERSE.introns Level 3: Reads Counted","VERSE.introns Level 3: Num Genes","VERSE.introns Level 3: Avg Read Per Gene","VERSE.introns Level 3: Max Reads Per Gene","VERSE.introns Level 3: Ambiguous Mapped","VERSE.anti-introns: Reads Counted","VERSE.anti-introns: Num Genes","VERSE.anti-introns: Avg Read Per Gene","VERSE.anti-introns: Max Reads Per Gene","VERSE.anti-introns: Ambiguous Mapped","VERSE.mito: Reads Counted","VERSE.mito: Num Genes","VERSE.mito: Avg Read Per Gene","VERSE.mito: Max Reads Per Gene","VERSE.mito: Ambiguous Mapped","VERSE.anti-mito: Reads Counted","VERSE.anti-mito: Num Genes","VERSE.anti-mito: Avg Read Per Gene","VERSE.anti-mito: Max Reads Per Gene","VERSE.anti-mito: Ambiguous Mapped","VERSE.Intergenic: Reads Counted","VERSE.Intergenic: Num Regions","VERSE.Intergenic: Avg Read Per Region","VERSE.Intergenic: Max Reads Per Region","VERSE.Intergenic: Ambiguous Mapped","VERSE.LINE Reads","VERSE.SINE Reads","VERSE.Num LINEs","VERSE.Num SINEs","VERSE.Neither LINEs nor SINEs","VERSE.No Feature","VERSE.Reads Missing Mates","VERSE.Perc: Exons Level 1,2","VERSE.Perc: Exons Level 3","VERSE.Perc: Anti-Exons","VERSE.Perc: Introns Level 1,2","VERSE.Perc: Introns Level 3","VERSE.Perc: Anti-Introns","VERSE.Perc: Mito","VERSE.Perc: Anti-Mito","VERSE.Perc: Intergenic","VERSE.Perc: Spike-In","BLAST.blastn.version","BLAST.parseBlast.py.version","BLAST.species","BLAST.readLength","BLAST.numReads","BLAST.kmer","BLAST.Total Hits","BLAST.Hits Not Counted","BLAST.Perc Hits Not Target or SpikeIn","BLAST.Bacteria","BLAST.Danio","BLAST.Fly","BLAST.Human","BLAST.Mouse","BLAST.Rat","BLAST.Yeast","BLAST.Carp","BLAST.ERCC","BLAST.PhiX","BLAST.TATAGTGAGT","BLAST.Perc Counted","TRIM.trimReads.py.version","TRIM.minLen","TRIM.phredThresh","TRIM.removeN","TRIM.numAT","TRIM.SE","TRIM.ContamFile","TRIM.nTotalReadsBeforeTrim","TRIM.nBothTrimmed","TRIM.nFirstTrimmed","TRIM.nSecondTrimmed","TRIM.nBothDiscarded","TRIM.nFirstDiscarded","TRIM.nSecondDiscarded","TRIM.Phred Threshold (first)","TRIM.Phred Threshold (second)","TRIM.removed5N (first)","TRIM.removed5N (second)","TRIM.removed3N (first)","TRIM.removed3N (second)","TRIM.init3G (first)","TRIM.init3G (second)","TRIM.indexAdapter (first)","TRIM.indexAdapter (second)","TRIM.univAdapterRC (first)","TRIM.univAdapterRC (second)","TRIM.sequencingAdapter (first)","TRIM.sequencingAdapter (second)","TRIM.aRNAPrimer (first)","TRIM.aRNAPrimer (second)","TRIM.aRNAPrimerRC (first)","TRIM.aRNAPrimerRC (second)","TRIM.tivaXoligo (first)","TRIM.tivaXoligo (second)","TRIM.tivaXoligoRC (first)","TRIM.tivaXoligoRC (second)","TRIM.dT5oligo (first)","TRIM.dT5oligo (second)","TRIM.dT5oligoRC (first)","TRIM.dT5oligoRC (second)","TRIM.dT6oligo (first)","TRIM.dT6oligo (second)","TRIM.dT6oligoRC (first)","TRIM.dT6oligoRC (second)","TRIM.NexteraRead1ExternalAdapter (first)","TRIM.NexteraRead1ExternalAdapter (second)","TRIM.NexteraRead2ExternalAdapter (first)","TRIM.NexteraRead2ExternalAdapter (second)","TRIM.ChexPolyCprimerRC (first)","TRIM.ChexPolyCprimerRC (second)","TRIM.istT7primerRC (first)","TRIM.istT7primerRC (second)","TRIM.NexteraTransposaseAdapterR1 (first)","TRIM.NexteraTransposaseAdapterR1 (second)","TRIM.NexteraTransposaseAdapterR1RC (first)","TRIM.NexteraTransposaseAdapterR1RC (second)","TRIM.NexteraTransposaseAdapterR2 (first)","TRIM.NexteraTransposaseAdapterR2 (second)","TRIM.NexteraTransposaseAdapterR2RC (first)","TRIM.NexteraTransposaseAdapterR2RC (second)","TRIM.NexteraTransposonEndSequence (first)","TRIM.NexteraTransposonEndSequence (second)","TRIM.NexteraTransposonEndSequenceRC (first)","TRIM.NexteraTransposonEndSequenceRC (second)","TRIM.SmartSeqTSO (first)","TRIM.SmartSeqTSO (second)","TRIM.SmartSeqTSORC (first)","TRIM.SmartSeqTSORC (second)","TRIM.SmartSeqOligo (first)","TRIM.SmartSeqOligo (second)","TRIM.SmartSeqOligoRC (first)","TRIM.SmartSeqOligoRC (second)","TRIM.5 polyT (first)","TRIM.5 polyT (second)","TRIM.3 polyA (first)","TRIM.3 polyA (second)","TRIM.removed5A (first)","TRIM.removed5A (second)","TRIM.removed3A (first)","TRIM.removed3A (second)","TRIM.removed5T (first)","TRIM.removed5T (second)","TRIM.removed3T (first)","TRIM.removed3T (second)","TRIM.removed5C (first)","TRIM.removed5C (second)","TRIM.removed3C (first)","TRIM.removed3C (second)","TRIM.removed5G (first)","TRIM.removed5G (second)","TRIM.removed3G (first)","TRIM.removed3G (second)","RMDUP.removeDuplicates.py.version","RMDUP.nInitialReadPairs","RMDUP.nUniqueReadPairs","RMDUP.nDuplicatesFound","RMDUP.nReadsWithDuplicates","RMDUP.maxDuplicateCount","GMAP.gmap.version","GMAP.samtools.version","GMAP.species (genome)","GMAP.SE","GMAP.readLength","GMAP.Reads After Trim","GMAP.Reads Mapped","GMAP.Uniq Reads","GMAP.Mismatches","GMAP.Bases Mapped","GMAP.Avg Read Length","GMAP.Max Read Length","BARCODE.kmerFind.py.version","BARCODE.barcode","BARCODE.prefix","BARCODE.suffix","BARCODE.cut","BARCODE.SE","BARCODE.R1_threshold","BARCODE.R2_threshold","BARCODE.nTotalReadsBeforeMapping","BARCODE.totalBothMapped","BARCODE.totalFirstMapped","BARCODE.totalSecondMapped","BARCODE.firstKmer","BARCODE.firstRC","BARCODE.secondKmer","BARCODE.secondRC","BARCODE.avgPosFirst","BARCODE.avgPosSecond","BARCODE.avgPosFirstForward","BARCODE.avgPosFirstReverse","BARCODE.avgPosSecondForward","BARCODE.avgPosSecondReverse","Description","Investigators","External Lab","Submitted Date","Machine Manufacturer","Model","Sequencing Kit","Read Length","Paired","Facility","Facility ID","Processing","Notes.1"
395,"J150_3","S","Clara17",3,NA,NA,"J. Lee",2017-03-28,NA,"S. Oh",2017-03-29,"S. Oh",2017-03-29,"S. Oh",2017-04-21,"mouse","C57BL/6N",NA,"days old (P)",NA,1,12,"pipette",NA,"n/a",NA,"brain","cortex",NA,"astrocyte",NA,NA,NA,NA,"primary culture","single cell",NA,"whole cell",NA,NA,NA,NA,NA,"N/A",NA,"aRNA",2,"3 - TTAGGC",NA,NA,"none",NA,"50ng","Illumina TruSeq Stranded (RS-122-2101/2)",TRUE,13,"2014 Jackie aRNA Protocol","Morris library protocol - 2014",NA,"Default",NA,NA,"N/A",2.1,"STAR_2.4.0h1",1.1,"mm10",0,75,28130283,151,146,0.12,22605965,26155668,80.36,12.62,7.02,"v0.1.4","/lab/repo/resources/lib/verse/mm10.anti.gtf",1,"gene_id",1,1,1,16063660,0,9768,1644,184613,76299,NA,NA,NA,NA,NA,NA,NA,2391660,7793,306,223396,11713,803052,5513,145,114890,65956,NA,NA,NA,NA,NA,371165,5010,74,47361,20682,828356,27,30679,322479,5868,169712,19,8932,91147,88920,1704902,7255,234,29877,4020,382838,878173,72,117,21270225,0,1105819,71.1,NA,10.6,3.6,NA,1.6,3.7,0.8,7.5,0,"2.2.30",1.1,"mm10",75,5000,"TATAGTGAGT",4859,35,1.4,0,0,1,12,4793,19,0,NA,0,0,1,97.2,"0.7.2",20,53,1,26,0,"/lab/repo/resources/trim/contaminants.fa",28130341,1523683,4018856,4362321,58,17336,18089,17484382,16856224,913480,1235496,3100300,3436300,NA,NA,165621,77505,2239,73299,NA,NA,2110,3179,76645,16467,NA,NA,NA,NA,NA,NA,NA,NA,NA,NA,NA,NA,NA,NA,NA,NA,NA,NA,NA,NA,NA,NA,NA,NA,NA,NA,NA,NA,NA,NA,NA,NA,NA,NA,NA,NA,NA,NA,NA,NA,386,8188,9001,2551,NA,NA,NA,NA,NA,NA,NA,NA,NA,NA,NA,NA,NA,NA,NA,NA,NA,NA,NA,NA,NA,NA,NA,NA,NA,NA,NA,NA,NA,NA,NA,NA,NA,NA,NA,NA,NA,NA,NA,NA,NA,NA,NA,NA,NA,NA,NA,NA,NA,NA,NA,NA,NA,NA,NA,NA,"Clara17","J. Eberwine, J. Kim",NA,2017-05-16,"Illumina","NextSeq 500","Illumina FC-404-2002",75,"PE","inHouse",NA,"bcl2fastq2 v2.17",NA
395,"J151_5","S","Clara17",5,NA,NA,"J. Lee",2017-03-28,NA,"S. Oh",2017-03-29,"S. Oh",2017-03-29,"S. Oh",2017-04-21,"mouse","C57BL/6N",NA,"days old (P)",NA,1,12,"pipette",NA,"n/a",NA,"brain","cortex",NA,"astrocyte",NA,NA,NA,NA,"primary culture","single cell",NA,"whole cell",NA,NA,NA,NA,NA,"N/A",NA,"aRNA",2,"5 - ACAGTG",NA,NA,"none",NA,"50ng","Illumina TruSeq Stranded (RS-122-2101/2)",TRUE,13,"2014 Jackie aRNA Protocol","Morris library protocol - 2014",NA,"Default",NA,NA,"N/A",2.1,"STAR_2.4.0h1",1.1,"mm10",0,75,27037471,151,146,0.12,22143571,24770593,81.9,9.72,8.38,"v0.1.4","/lab/repo/resources/lib/verse/mm10.anti.gtf",1,"gene_id",1,1,1,14249029,0,10768,1323,149181,42940,NA,NA,NA,NA,NA,NA,NA,2172392,8973,242,132272,6945,2044894,8091,252,88493,123177,NA,NA,NA,NA,NA,529828,7562,70,36321,71380,876433,22,39837,524995,2467,141748,16,8859,61257,77552,1800018,9719,185,26034,4768,427396,1334965,85,133,20270924,0,992280,64.3,NA,9.8,9.2,NA,2.4,4,0.6,8.1,0,"2.2.30",1.1,"mm10",75,5000,"TATAGTGAGT",4856,58,3.8,6,0,2,100,4671,22,0,NA,0,0,1,97.1,"0.7.2",20,53,1,26,0,"/lab/repo/resources/trim/contaminants.fa",27037508,1333019,3463021,3890798,37,14415,15107,15281410,15216376,706942,1028480,2811858,3159521,NA,NA,81434,41615,3107,33139,NA,NA,1644,2890,61804,15003,NA,NA,NA,NA,NA,NA,NA,NA,NA,NA,NA,NA,NA,NA,NA,NA,NA,NA,NA,NA,NA,NA,NA,NA,NA,NA,NA,NA,NA,NA,NA,NA,NA,NA,NA,NA,NA,NA,NA,NA,362,8041,7744,1785,NA,NA,NA,NA,NA,NA,NA,NA,NA,NA,NA,NA,NA,NA,NA,NA,NA,NA,NA,NA,NA,NA,NA,NA,NA,NA,NA,NA,NA,NA,NA,NA,NA,NA,NA,NA,NA,NA,NA,NA,NA,NA,NA,NA,NA,NA,NA,NA,NA,NA,NA,NA,NA,NA,NA,NA,"Clara17","J. Eberwine, J. Kim",NA,2017-05-16,"Illumina","NextSeq 500","Illumina FC-404-2002",75,"PE","inHouse",NA,"bcl2fastq2 v2.17",NA
473,"J153_6","S","Clara_19",6,NA,NA,"J. Lee",2017-05-15,NA,"S. Oh",2017-05-18,"S. Oh",2017-05-18,"S. Oh",2017-06-08,"mouse","C57BL/6N",NA,"days old (P)",NA,1,12,"pipette",NA,"n/a",NA,"brain","cortex",NA,"astrocyte",NA,NA,NA,NA,"primary culture","single cell",NA,"whole cell",NA,NA,NA,NA,NA,"N/A",NA,"aRNA",2,"6 - GCCAAT",NA,NA,"none",NA,"50ng","Illumina TruSeq Stranded (RS-122-2101/2)",TRUE,2,"2014 Jackie aRNA Protocol","Morris library protocol - 2014",NA,"Default",NA,NA,"N/A",2.1,"STAR_2.4.0h1",1.1,"mm10",0,75,28244176,151,147,0.09,23878405,26777774,84.54,10.27,5.2,"v0.1.4","/lab/repo/resources/lib/verse/mm10.anti.gtf",1,"gene_id",1,1,1,16254761,2,11826,1374,193845,73547,NA,NA,NA,NA,NA,NA,NA,294203,9233,31,13060,1076,3255275,9524,341,103915,222308,NA,NA,NA,NA,NA,545654,8260,66,55031,31453,874376,26,33629,509152,3781,72593,15,4839,46530,23443,2222528,10927,203,22685,3405,611671,1435547,78,128,21700667,0,846116,68.1,NA,1.2,13.6,NA,2.3,3.7,0.3,9.3,0,"2.2.30",1.1,"mm10",75,5000,"TATAGTGAGT",4918,37,1.3,2,0,0,3,4856,21,0,NA,0,0,0,98.4,"0.7.2",20,53,1,26,0,"/lab/repo/resources/trim/contaminants.fa",28244229,1245851,3348682,3594044,53,17051,13322,14146078,14399321,757592,867681,2547120,2843434,NA,NA,204340,113328,2536,75676,NA,NA,3198,2320,38893,9526,NA,NA,NA,NA,NA,NA,NA,NA,NA,NA,NA,NA,NA,NA,NA,NA,NA,NA,NA,NA,NA,NA,NA,NA,NA,NA,NA,NA,NA,NA,NA,NA,NA,NA,NA,NA,NA,NA,NA,NA,130,5979,4516,506,NA,NA,NA,NA,NA,NA,NA,NA,NA,NA,NA,NA,NA,NA,NA,NA,NA,NA,NA,NA,NA,NA,NA,NA,NA,NA,NA,NA,NA,NA,NA,NA,NA,NA,NA,NA,NA,NA,NA,NA,NA,NA,NA,NA,NA,NA,NA,NA,NA,NA,NA,NA,NA,NA,NA,NA,"Clara_19","J. Eberwine, J. Kim",NA,2017-06-21,"Illumina","NextSeq 500","Illumina FC-404-2002",75,"PE","inHouse",NA,"bcl2fastq2 v2.17",NA
473,"J154_8","S","Clara_19",8,NA,NA,"J. Lee",2017-05-15,NA,"S. Oh",2017-05-18,"S. Oh",2017-05-18,"S. Oh",2017-06-08,"mouse","C57BL/6N",NA,"days old (P)",NA,1,12,"pipette",NA,"n/a",NA,"brain","cortex",NA,"astrocyte",NA,NA,NA,NA,"primary culture","single cell",NA,"whole cell",NA,NA,NA,NA,NA,"N/A",NA,"aRNA",2,"8 - ACTTGA",NA,NA,"none",NA,"50ng","Illumina TruSeq Stranded (RS-122-2101/2)",TRUE,2,"2014 Jackie aRNA Protocol","Morris library protocol - 2014",NA,"Default",NA,NA,"N/A",2.1,"STAR_2.4.0h1",1.1,"mm10",0,75,19521314,151,148,0.08,16722352,18500131,85.66,9.11,5.23,"v0.1.4","/lab/repo/resources/lib/verse/mm10.anti.gtf",1,"gene_id",1,1,1,12229280,3,11917,1026,225367,47070,NA,NA,NA,NA,NA,NA,NA,167263,8643,19,5093,315,1823284,8911,204,36131,116378,NA,NA,NA,NA,NA,269081,7238,37,22156,14457,556731,22,25305,211554,2429,66089,14,4720,38700,5671,1421874,10242,138,22725,2427,309955,849923,78,136,15498511,0,567296,73.1,NA,1,10.9,NA,1.6,3.3,0.4,8.5,0,"2.2.30",1.1,"mm10",75,5000,"TATAGTGAGT",4934,40,1.1,1,0,0,2,4878,13,0,NA,0,0,1,98.7,"0.7.2",20,53,1,26,0,"/lab/repo/resources/trim/contaminants.fa",19521340,801428,2235109,2355560,26,9418,9214,9548634,9618264,520175,568363,1788998,1941380,NA,NA,38742,19374,1871,16207,NA,NA,1320,2841,20369,5251,NA,NA,NA,NA,NA,NA,NA,NA,NA,NA,NA,NA,NA,NA,NA,NA,NA,NA,NA,NA,NA,NA,NA,NA,NA,NA,NA,NA,NA,NA,NA,NA,NA,NA,NA,NA,NA,NA,NA,NA,53,4966,1316,211,NA,NA,NA,NA,NA,NA,NA,NA,NA,NA,NA,NA,NA,NA,NA,NA,NA,NA,NA,NA,NA,NA,NA,NA,NA,NA,NA,NA,NA,NA,NA,NA,NA,NA,NA,NA,NA,NA,NA,NA,NA,NA,NA,NA,NA,NA,NA,NA,NA,NA,NA,NA,NA,NA,NA,NA,"Clara_19","J. Eberwine, J. Kim",NA,2017-06-21,"Illumina","NextSeq 500","Illumina FC-404-2002",75,"PE","inHouse",NA,"bcl2fastq2 v2.17",NA
473,"J155_9","S","Clara_19",9,NA,NA,"J. Lee",2017-05-15,NA,"S. Oh",2017-05-18,"S. Oh",2017-05-18,"S. Oh",2017-06-12,"mouse","C57BL/6N",NA,"days old (P)",NA,1,12,"pipette",NA,"n/a",NA,"brain","cortex",NA,"astrocyte",NA,NA,NA,NA,"primary culture","single cell",NA,"whole cell",NA,NA,NA,NA,NA,"N/A",NA,"aRNA",2,"9 - GATCAG",NA,NA,"none",NA,"50ng","Illumina TruSeq Stranded (RS-122-2101/2)",TRUE,2,"2014 Jackie aRNA Protocol","Morris library protocol - 2014",NA,"Default",NA,NA,"N/A",2.1,"STAR_2.4.0h1",1.1,"mm10",0,75,19792662,151,147,0.11,16130647,18668310,81.5,12.82,5.68,"v0.1.4","/lab/repo/resources/lib/verse/mm10.anti.gtf",1,"gene_id",1,1,1,12592109,1,11601,1085,191146,55797,NA,NA,NA,NA,NA,NA,NA,255928,8867,28,25271,482,680106,7702,88,64671,53225,NA,NA,NA,NA,NA,282210,6167,45,27314,14096,803297,24,33470,457033,3221,88612,16,5538,62654,37471,1261049,9121,138,23840,3043,330337,607043,67,125,15142194,0,626280,78.1,NA,1.6,4.2,NA,1.7,5,0.5,7.8,0,"2.2.30",1.1,"mm10",75,5000,"TATAGTGAGT",4905,43,1.6,0,0,0,6,4827,30,0,NA,0,0,0,98.1,"0.7.2",20,53,1,26,0,"/lab/repo/resources/trim/contaminants.fa",19792703,912103,2439201,2593389,41,10577,10054,10252563,10003734,561396,636622,1901171,2084919,NA,NA,97164,59814,1433,30432,NA,NA,1622,2702,30122,10598,NA,NA,NA,NA,NA,NA,NA,NA,NA,NA,NA,NA,NA,NA,NA,NA,NA,NA,NA,NA,NA,NA,NA,NA,NA,NA,NA,NA,NA,NA,NA,NA,NA,NA,NA,NA,NA,NA,NA,NA,166,5697,5023,1549,NA,NA,NA,NA,NA,NA,NA,NA,NA,NA,NA,NA,NA,NA,NA,NA,NA,NA,NA,NA,NA,NA,NA,NA,NA,NA,NA,NA,NA,NA,NA,NA,NA,NA,NA,NA,NA,NA,NA,NA,NA,NA,NA,NA,NA,NA,NA,NA,NA,NA,NA,NA,NA,NA,NA,NA,"Clara_19","J. Eberwine, J. Kim",NA,2017-06-21,"Illumina","NextSeq 500","Illumina FC-404-2002",75,"PE","inHouse",NA,"bcl2fastq2 v2.17",NA
473,"J156_16","S","Clara_19",16,NA,NA,"J. Lee",2017-05-15,NA,"S. Oh",2017-05-18,"S. Oh",2017-05-18,"S. Oh",2017-06-12,"mouse","C57BL/6N",NA,"days old (P)",NA,1,12,"pipette",NA,"n/a",NA,"brain","cortex",NA,"astrocyte",NA,NA,NA,NA,"primary culture","single cell",NA,"whole cell",NA,NA,NA,NA,NA,"N/A",NA,"aRNA",2,"16 - CCGTCC",NA,NA,"none",NA,"50ng","Illumina TruSeq Stranded (RS-122-2101/2)",TRUE,2,"2014 Jackie aRNA Protocol","Morris library protocol - 2014",NA,"Default",NA,NA,"N/A",2.1,"STAR_2.4.0h1",1.1,"mm10",0,75,30144021,151,147,0.08,26518905,28652544,87.97,7.08,4.94,"v0.1.4","/lab/repo/resources/lib/verse/mm10.anti.gtf",1,"gene_id",1,1,1,16205475,0,11111,1458,296892,71664,NA,NA,NA,NA,NA,NA,NA,260852,7351,35,9746,448,5864839,9013,650,94656,409840,NA,NA,NA,NA,NA,479884,7583,63,31291,28275,982328,24,40930,823850,1576,38498,14,2749,15366,1888,2169720,10024,216,26464,3618,544336,2579373,72,124,23195231,0,965437,61.1,NA,1,22.1,NA,1.8,3.7,0.1,8.2,0,"2.2.30",1.1,"mm10",75,5000,"TATAGTGAGT",4939,32,1.3,3,0,0,2,4877,26,0,NA,0,0,1,98.8,"0.7.2",20,53,1,26,0,"/lab/repo/resources/trim/contaminants.fa",30144709,1258448,3514685,3721746,688,46647,14738,15144170,15246715,799171,921719,2643534,2904123,NA,NA,251057,119729,2807,88715,NA,NA,2872,1367,20794,8131,NA,NA,NA,NA,NA,NA,NA,NA,NA,NA,NA,NA,NA,NA,NA,NA,NA,NA,NA,NA,NA,NA,NA,NA,NA,NA,NA,NA,NA,NA,NA,NA,NA,NA,NA,NA,NA,NA,NA,NA,112,8659,1453,476,NA,NA,NA,NA,NA,NA,NA,NA,NA,NA,NA,NA,NA,NA,NA,NA,NA,NA,NA,NA,NA,NA,NA,NA,NA,NA,NA,NA,NA,NA,NA,NA,NA,NA,NA,NA,NA,NA,NA,NA,NA,NA,NA,NA,NA,NA,NA,NA,NA,NA,NA,NA,NA,NA,NA,NA,"Clara_19","J. Eberwine, J. Kim",NA,2017-06-21,"Illumina","NextSeq 500","Illumina FC-404-2002",75,"PE","inHouse",NA,"bcl2fastq2 v2.17",NA
395,"J161_9","T","Clara17",9,NA,NA,"J. Lee",2017-03-28,NA,"S. Oh",2017-03-29,"S. Oh",2017-03-29,"S. Oh",2017-04-21,"mouse","C57BL/6N",NA,"days old (P)",NA,1,12,"pipette",NA,"n/a",NA,"brain","cortex",NA,"astrocyte",NA,NA,NA,NA,"primary culture","single cell",NA,"whole cell",NA,NA,NA,NA,NA,"N/A",NA,"aRNA",2,"9 - GATCAG",NA,NA,"none",NA,"50ng","Illumina TruSeq Stranded (RS-122-2101/2)",TRUE,13,"2014 Jackie aRNA Protocol","Morris library protocol - 2014",NA,"Default",NA,NA,"N/A",2.1,"STAR_2.4.0h1",1.1,"mm10",0,75,24368766,151,147,0.1,20221795,22389229,82.98,8.89,8.13,"v0.1.4","/lab/repo/resources/lib/verse/mm10.anti.gtf",1,"gene_id",1,1,1,15555483,0,9760,1593,253607,64110,NA,NA,NA,NA,NA,NA,NA,1843163,6127,300,58377,2217,646446,4206,153,78896,17616,NA,NA,NA,NA,NA,169067,2690,62,36363,6223,408252,19,21486,301441,979,45944,13,3534,11380,22284,1436487,4449,322,66751,3524,161270,605906,60,110,19417293,0,836273,76.9,NA,9.1,3.2,NA,0.8,2,0.2,7.1,0,"2.2.30",1.1,"mm10",75,5000,"TATAGTGAGT",4809,67,3.2,13,0,1,50,4653,26,0,NA,0,0,0,96.2,"0.7.2",20,53,1,26,0,"/lab/repo/resources/trim/contaminants.fa",24368808,1153194,3078689,3425755,42,21657,10399,13697988,13833848,633046,917133,2491414,2765053,NA,NA,82314,34674,2710,30052,NA,NA,3953,1677,33405,14349,NA,NA,NA,NA,NA,NA,NA,NA,NA,NA,NA,NA,NA,NA,NA,NA,NA,NA,NA,NA,NA,NA,NA,NA,NA,NA,NA,NA,NA,NA,NA,NA,NA,NA,NA,NA,NA,NA,NA,NA,228,6829,3119,1460,NA,NA,NA,NA,NA,NA,NA,NA,NA,NA,NA,NA,NA,NA,NA,NA,NA,NA,NA,NA,NA,NA,NA,NA,NA,NA,NA,NA,NA,NA,NA,NA,NA,NA,NA,NA,NA,NA,NA,NA,NA,NA,NA,NA,NA,NA,NA,NA,NA,NA,NA,NA,NA,NA,NA,NA,"Clara17","J. Eberwine, J. Kim",NA,2017-05-16,"Illumina","NextSeq 500","Illumina FC-404-2002",75,"PE","inHouse",NA,"bcl2fastq2 v2.17",NA
395,"J162_16","T","Clara17",16,NA,NA,"J. Lee",2017-03-28,NA,"S. Oh",2017-03-29,"S. Oh",2017-03-29,"S. Oh",2017-04-21,"mouse","C57BL/6N",NA,"days old (P)",NA,1,12,"pipette",NA,"n/a",NA,"brain","cortex",NA,"astrocyte",NA,NA,NA,NA,"primary culture","single cell",NA,"whole cell",NA,NA,NA,NA,NA,"N/A",NA,"aRNA",2,"16 - CCGTCC",NA,NA,"none",NA,"50ng","Illumina TruSeq Stranded (RS-122-2101/2)",TRUE,13,"2014 Jackie aRNA Protocol","Morris library protocol - 2014",NA,"Default",NA,NA,"N/A",2.1,"STAR_2.4.0h1",1.1,"mm10",0,75,22550501,151,146,0.15,16938097,18973715,75.11,9.03,15.86,"v0.1.4","/lab/repo/resources/lib/verse/mm10.anti.gtf",1,"gene_id",1,1,1,12564138,0,6319,1988,282835,26314,NA,NA,NA,NA,NA,NA,NA,1738306,4216,412,127971,13301,463940,4257,108,80815,24019,NA,NA,NA,NA,NA,379237,3948,96,57989,4063,91394,14,6528,65231,211,17368,11,1578,6702,10961,1597668,5524,289,153028,7177,337680,747835,64,110,15807780,0,751551,74.2,NA,10.3,2.7,NA,2.2,0.5,0.1,9.4,0,"2.2.30",1.1,"mm10",75,5000,"TATAGTGAGT",4730,77,8.4,27,2,2,273,4332,20,0,NA,0,0,4,94.6,"0.7.2",20,53,1,26,0,"/lab/repo/resources/trim/contaminants.fa",22550551,1167992,3044685,3453279,50,24666,10018,13350911,13563371,632155,944152,2463947,2781405,NA,NA,96291,39023,1621,36467,NA,NA,2404,1387,29278,17639,NA,NA,NA,NA,NA,NA,NA,NA,NA,NA,NA,NA,NA,NA,NA,NA,NA,NA,NA,NA,NA,NA,NA,NA,NA,NA,NA,NA,NA,NA,NA,NA,NA,NA,NA,NA,NA,NA,NA,NA,764,5868,3434,2415,NA,NA,NA,NA,NA,NA,NA,NA,NA,NA,NA,NA,NA,NA,NA,NA,NA,NA,NA,NA,NA,NA,NA,NA,NA,NA,NA,NA,NA,NA,NA,NA,NA,NA,NA,NA,NA,NA,NA,NA,NA,NA,NA,NA,NA,NA,NA,NA,NA,NA,NA,NA,NA,NA,NA,NA,"Clara17","J. Eberwine, J. Kim",NA,2017-05-16,"Illumina","NextSeq 500","Illumina FC-404-2002",75,"PE","inHouse",NA,"bcl2fastq2 v2.17",NA
473,"J163_18","T","Clara_19",18,NA,NA,"J. Lee",2017-05-15,NA,"S. Oh",2017-05-18,"S. Oh",2017-05-18,"S. Oh",2017-06-12,"mouse","C57BL/6N",NA,"days old (P)",NA,1,12,"pipette",NA,"n/a",NA,"brain","cortex",NA,"astrocyte",NA,NA,NA,NA,"primary culture","single cell",NA,"whole cell",NA,NA,NA,NA,NA,"N/A",NA,"aRNA",2,"18 - GTCCGC",NA,NA,"none",NA,"50ng","Illumina TruSeq Stranded (RS-122-2101/2)",TRUE,2,"2014 Jackie aRNA Protocol","Morris library protocol - 2014",NA,"Default",NA,NA,"N/A",2.1,"STAR_2.4.0h1",1.1,"mm10",0,75,5303260,150,147,0.1,4565159,4951672,86.08,7.29,6.63,"v0.1.4","/lab/repo/resources/lib/verse/mm10.anti.gtf",1,"gene_id",1,1,1,2937786,0,7442,394,29775,8272,NA,NA,NA,NA,NA,NA,NA,55675,3699,15,2407,58,788288,4121,191,22893,41839,NA,NA,NA,NA,NA,79623,3156,25,7069,4110,251238,16,15702,207265,350,7967,15,531,3395,1804,387518,5094,76,10738,631,106182,367970,64,109,4056895,0,173483,64.4,NA,1.2,17.3,NA,1.7,5.5,0.2,8.5,0,"2.2.30",1.1,"mm10",75,5000,"TATAGTGAGT",4895,104,2.7,1,0,1,7,4761,22,0,NA,0,0,0,97.9,"0.7.2",20,53,1,26,0,"/lab/repo/resources/trim/contaminants.fa",5303789,284017,717481,729228,529,68685,3370,2698751,2751270,141452,174747,463392,524855,NA,NA,168506,50320,600,46201,NA,NA,315,531,8922,2139,NA,NA,NA,NA,NA,NA,NA,NA,NA,NA,NA,NA,NA,NA,NA,NA,NA,NA,NA,NA,NA,NA,NA,NA,NA,NA,NA,NA,NA,NA,NA,NA,NA,NA,NA,NA,NA,NA,NA,NA,117,5090,1436,250,NA,NA,NA,NA,NA,NA,NA,NA,NA,NA,NA,NA,NA,NA,NA,NA,NA,NA,NA,NA,NA,NA,NA,NA,NA,NA,NA,NA,NA,NA,NA,NA,NA,NA,NA,NA,NA,NA,NA,NA,NA,NA,NA,NA,NA,NA,NA,NA,NA,NA,NA,NA,NA,NA,NA,NA,"Clara_19","J. Eberwine, J. Kim",NA,2017-06-21,"Illumina","NextSeq 500","Illumina FC-404-2002",75,"PE","inHouse",NA,"bcl2fastq2 v2.17",NA
473,"J164_19","T","Clara_19",19,NA,NA,"J. Lee",2017-05-15,NA,"S. Oh",2017-05-18,"S. Oh",2017-05-18,"S. Oh",2017-06-12,"mouse","C57BL/6N",NA,"days old (P)",NA,1,12,"pipette",NA,"n/a",NA,"brain","cortex",NA,"astrocyte",NA,NA,NA,NA,"primary culture","single cell",NA,"whole cell",NA,NA,NA,NA,NA,"N/A",NA,"aRNA",2,"19 - GTGAAA",NA,NA,"none",NA,"50ng","Illumina TruSeq Stranded (RS-122-2101/2)",TRUE,2,"2014 Jackie aRNA Protocol","Morris library protocol - 2014",NA,"Default",NA,NA,"N/A",2.1,"STAR_2.4.0h1",1.1,"mm10",0,75,24450008,150,143,0.37,16885173,20112466,69.06,13.2,17.75,"v0.1.4","/lab/repo/resources/lib/verse/mm10.anti.gtf",1,"gene_id",1,1,1,6568630,0,9993,657,113456,50928,NA,NA,NA,NA,NA,NA,NA,336321,7962,42,29456,1308,2091119,9835,212,533062,147089,NA,NA,NA,NA,NA,1402169,9345,150,230923,70408,1414258,26,54394,762285,8951,197335,16,12333,146349,45922,4534085,11380,398,70041,16650,2357626,1422690,79,128,12967111,0,1253196,38.9,NA,2,12.4,NA,8.3,8.4,1.2,26.9,0,"2.2.30",1.1,"mm10",75,5000,"TATAGTGAGT",4733,47,3.2,2,0,0,90,4581,13,0,NA,0,0,1,94.7,"0.7.2",20,53,1,26,0,"/lab/repo/resources/trim/contaminants.fa",24450702,2218792,4479851,4801594,694,114761,19076,13694377,13675022,808650,943175,3733758,4162563,NA,NA,187593,48635,1549,28607,NA,NA,1552,5683,102959,38277,NA,NA,NA,NA,NA,NA,NA,NA,NA,NA,NA,NA,NA,NA,NA,NA,NA,NA,NA,NA,NA,NA,NA,NA,NA,NA,NA,NA,NA,NA,NA,NA,NA,NA,NA,NA,NA,NA,NA,NA,1060,17689,25806,11834,NA,NA,NA,NA,NA,NA,NA,NA,NA,NA,NA,NA,NA,NA,NA,NA,NA,NA,NA,NA,NA,NA,NA,NA,NA,NA,NA,NA,NA,NA,NA,NA,NA,NA,NA,NA,NA,NA,NA,NA,NA,NA,NA,NA,NA,NA,NA,NA,NA,NA,NA,NA,NA,NA,NA,NA,"Clara_19","J. Eberwine, J. Kim",NA,2017-06-21,"Illumina","NextSeq 500","Illumina FC-404-2002",75,"PE","inHouse",NA,"bcl2fastq2 v2.17",NA
473,"J165_23","T","Clara_19",23,NA,NA,"J. Lee",2017-05-15,NA,"S. Oh",2017-05-18,"S. Oh",2017-05-18,"S. Oh",2017-06-12,"mouse","C57BL/6N",NA,"days old (P)",NA,1,12,"pipette",NA,"n/a",NA,"brain","cortex",NA,"astrocyte",NA,NA,NA,NA,"primary culture","single cell",NA,"whole cell",NA,NA,NA,NA,NA,"N/A",NA,"aRNA",2,"23 - GAGTGG",NA,NA,"none",NA,"50ng","Illumina TruSeq Stranded (RS-122-2101/2)",TRUE,2,"2014 Jackie aRNA Protocol","Morris library protocol - 2014",NA,"Default",NA,NA,"N/A",2.1,"STAR_2.4.0h1",1.1,"mm10",0,75,30035075,151,147,0.1,23423930,27892904,77.99,14.88,7.14,"v0.1.4","/lab/repo/resources/lib/verse/mm10.anti.gtf",1,"gene_id",1,1,1,19279519,0,8647,2229,298037,110343,NA,NA,NA,NA,NA,NA,NA,382102,6205,61,61704,2458,446657,4159,107,30503,46228,NA,NA,NA,NA,NA,192530,3535,54,21519,7885,1671367,25,66854,1072569,4962,134929,17,7937,52636,23148,1115731,5210,214,30639,6071,199890,660142,62,111,22521302,0,959133,82.3,NA,1.6,1.9,NA,0.8,7.1,0.6,4.8,0,"2.2.30",1.1,"mm10",75,5000,"TATAGTGAGT",4904,46,1.9,2,0,0,17,4813,26,0,NA,0,0,1,98.1,"0.7.2",20,53,1,26,0,"/lab/repo/resources/trim/contaminants.fa",30038015,1593079,3863478,4291077,2940,43986,19563,15562613,15255731,908749,1033629,2939031,3469394,NA,NA,203044,118816,1718,49286,NA,NA,3126,3577,98029,21415,NA,NA,NA,NA,NA,NA,NA,NA,NA,NA,NA,NA,NA,NA,NA,NA,NA,NA,NA,NA,NA,NA,NA,NA,NA,NA,NA,NA,NA,NA,NA,NA,NA,NA,NA,NA,NA,NA,NA,NA,337,10423,28865,4022,NA,NA,NA,NA,NA,NA,NA,NA,NA,NA,NA,NA,NA,NA,NA,NA,NA,NA,NA,NA,NA,NA,NA,NA,NA,NA,NA,NA,NA,NA,NA,NA,NA,NA,NA,NA,NA,NA,NA,NA,NA,NA,NA,NA,NA,NA,NA,NA,NA,NA,NA,NA,NA,NA,NA,NA,"Clara_19","J. Eberwine, J. Kim",NA,2017-06-21,"Illumina","NextSeq 500","Illumina FC-404-2002",75,"PE","inHouse",NA,"bcl2fastq2 v2.17",NA
473,"J166_25","T","Clara_19",25,NA,NA,"J. Lee",2017-05-15,NA,"S. Oh",2017-05-18,"S. Oh",2017-05-18,"S. Oh",2017-06-12,"mouse","C57BL/6N",NA,"days old (P)",NA,1,12,"pipette",NA,"n/a",NA,"brain","cortex",NA,"astrocyte",NA,NA,NA,NA,"primary culture","single cell",NA,"whole cell",NA,NA,NA,NA,NA,"N/A",NA,"aRNA",2,"25 - ACTGAT",NA,NA,"none",NA,"50ng","Illumina TruSeq Stranded (RS-122-2101/2)",TRUE,2,"2014 Jackie aRNA Protocol","Morris library protocol - 2014",NA,"Default",NA,NA,"N/A",2.1,"STAR_2.4.0h1",1.1,"mm10",0,75,31913465,151,147,0.13,26016127,29083614,81.52,9.61,8.86,"v0.1.4","/lab/repo/resources/lib/verse/mm10.anti.gtf",1,"gene_id",1,1,1,17849353,3,10616,1681,319854,102041,NA,NA,NA,NA,NA,NA,NA,266292,7655,34,5521,1302,2984732,8939,333,72020,207339,NA,NA,NA,NA,NA,619016,7973,77,52348,34350,1525293,24,63553,1162840,1833,82233,15,5482,50837,35503,2300172,10241,224,23455,6665,640433,1692977,73,124,23519569,0,877101,68.6,NA,1,11.5,NA,2.4,5.9,0.3,8.8,0,"2.2.30",1.1,"mm10",75,5000,"TATAGTGAGT",4893,36,5.5,7,0,2,204,4623,22,0,NA,0,0,0,97.9,"0.7.2",20,53,1,26,0,"/lab/repo/resources/trim/contaminants.fa",31913538,1295689,3546553,3916239,73,16994,17229,15591759,15631097,833948,968845,2693950,3097130,NA,NA,194908,114514,2574,68917,NA,NA,3081,3925,50820,16914,NA,NA,NA,NA,NA,NA,NA,NA,NA,NA,NA,NA,NA,NA,NA,NA,NA,NA,NA,NA,NA,NA,NA,NA,NA,NA,NA,NA,NA,NA,NA,NA,NA,NA,NA,NA,NA,NA,NA,NA,245,6397,10645,2090,NA,NA,NA,NA,NA,NA,NA,NA,NA,NA,NA,NA,NA,NA,NA,NA,NA,NA,NA,NA,NA,NA,NA,NA,NA,NA,NA,NA,NA,NA,NA,NA,NA,NA,NA,NA,NA,NA,NA,NA,NA,NA,NA,NA,NA,NA,NA,NA,NA,NA,NA,NA,NA,NA,NA,NA,"Clara_19","J. Eberwine, J. Kim",NA,2017-06-21,"Illumina","NextSeq 500","Illumina FC-404-2002",75,"PE","inHouse",NA,"bcl2fastq2 v2.17",NA
395,"J172_23","M","Clara17",23,NA,NA,"J. Lee",2017-04-04,NA,"S. Oh",2017-04-05,"S. Oh",2017-04-05,"S. Oh",2017-04-28,"mouse","C57BL/6N",NA,"days old (P)",NA,1,12,"pipette",NA,"n/a",NA,"brain","cortex",NA,"astrocyte",NA,NA,NA,NA,"primary culture","single cell",NA,"whole cell",NA,NA,NA,NA,NA,"N/A",NA,"aRNA",2,"23 - GAGTGG",NA,NA,"none",NA,"50ng","Illumina TruSeq Stranded (RS-122-2101/2)",TRUE,13,"2014 Jackie aRNA Protocol","Morris library protocol - 2014",NA,"Default",NA,NA,"N/A",2.1,"STAR_2.4.0h1",1.1,"mm10",0,75,31418478,151,147,0.08,25829107,29309222,82.21,11.08,6.71,"v0.1.4","/lab/repo/resources/lib/verse/mm10.anti.gtf",1,"gene_id",1,1,1,20652035,0,9272,2227,234832,133740,NA,NA,NA,NA,NA,NA,NA,277568,6494,42,17995,1209,2045094,4597,444,69137,88809,NA,NA,NA,NA,NA,173318,3940,43,23676,7364,1214158,21,57817,793176,3076,56684,16,3542,30128,19616,1152231,5359,215,43570,4205,231423,999271,67,117,24516800,0,1047032,80,NA,1.1,7.9,NA,0.7,4.7,0.2,4.5,0,"2.2.30",1.1,"mm10",75,5000,"TATAGTGAGT",4920,48,2.4,6,0,0,35,4800,31,0,NA,0,0,0,98.4,"0.7.2",20,53,1,26,0,"/lab/repo/resources/trim/contaminants.fa",31418582,1398564,3856733,4512860,104,21001,17206,18433512,18222101,878031,1205944,3069918,3660264,NA,NA,78261,41512,1629,27234,NA,NA,4094,2671,46337,15379,NA,NA,NA,NA,NA,NA,NA,NA,NA,NA,NA,NA,NA,NA,NA,NA,NA,NA,NA,NA,NA,NA,NA,NA,NA,NA,NA,NA,NA,NA,NA,NA,NA,NA,NA,NA,NA,NA,NA,NA,179,8297,11943,1391,NA,NA,NA,NA,NA,NA,NA,NA,NA,NA,NA,NA,NA,NA,NA,NA,NA,NA,NA,NA,NA,NA,NA,NA,NA,NA,NA,NA,NA,NA,NA,NA,NA,NA,NA,NA,NA,NA,NA,NA,NA,NA,NA,NA,NA,NA,NA,NA,NA,NA,NA,NA,NA,NA,NA,NA,"Clara17","J. Eberwine, J. Kim",NA,2017-05-16,"Illumina","NextSeq 500","Illumina FC-404-2002",75,"PE","inHouse",NA,"bcl2fastq2 v2.17",NA
395,"J173_25","M","Clara17",25,NA,NA,"J. Lee",2017-04-11,NA,"S. Oh",2017-04-12,"S. Oh",2017-04-12,"S. Oh",2017-04-28,"mouse","C57BL/6N",NA,"days old (P)",NA,1,12,"pipette",NA,"n/a",NA,"brain","cortex",NA,"astrocyte",NA,NA,NA,NA,"primary culture","single cell",NA,"whole cell",NA,NA,NA,NA,NA,"N/A",NA,"aRNA",2,"25 - ACTGAT",NA,NA,"none",NA,"50ng","Illumina TruSeq Stranded (RS-122-2101/2)",TRUE,13,"2014 Jackie aRNA Protocol","Morris library protocol - 2014",NA,"Default",NA,NA,"N/A",2.1,"STAR_2.4.0h1",1.1,"mm10",0,75,28892878,151,147,0.1,24492866,27526797,84.77,10.5,4.73,"v0.1.4","/lab/repo/resources/lib/verse/mm10.anti.gtf",1,"gene_id",1,1,1,19030121,0,11408,1668,295748,82131,NA,NA,NA,NA,NA,NA,NA,313105,7933,39,18700,1401,2073141,8334,248,96777,147657,NA,NA,NA,NA,NA,387543,7685,50,44606,21258,431626,23,18766,325751,751,14984,16,936,6327,8627,1977334,10531,187,60448,3187,425196,1172626,78,129,22785247,0,852798,77.7,NA,1.3,8.5,NA,1.6,1.8,0.1,8.1,0,"2.2.30",1.1,"mm10",75,5000,"TATAGTGAGT",4916,42,1.7,2,0,0,5,4833,35,0,NA,0,0,0,98.3,"0.7.2",20,53,1,26,0,"/lab/repo/resources/trim/contaminants.fa",28892959,1227669,3371964,3793022,81,18773,14061,15920529,15909844,741780,1008510,2532680,2893078,NA,NA,258169,133298,3420,105756,NA,NA,2635,2532,31873,12718,NA,NA,NA,NA,NA,NA,NA,NA,NA,NA,NA,NA,NA,NA,NA,NA,NA,NA,NA,NA,NA,NA,NA,NA,NA,NA,NA,NA,NA,NA,NA,NA,NA,NA,NA,NA,NA,NA,NA,NA,206,4690,5361,876,NA,NA,NA,NA,NA,NA,NA,NA,NA,NA,NA,NA,NA,NA,NA,NA,NA,NA,NA,NA,NA,NA,NA,NA,NA,NA,NA,NA,NA,NA,NA,NA,NA,NA,NA,NA,NA,NA,NA,NA,NA,NA,NA,NA,NA,NA,NA,NA,NA,NA,NA,NA,NA,NA,NA,NA,"Clara17","J. Eberwine, J. Kim",NA,2017-05-16,"Illumina","NextSeq 500","Illumina FC-404-2002",75,"PE","inHouse",NA,"bcl2fastq2 v2.17",NA
471,"J174_13","M","Clara_18",13,NA,NA,"J. Lee",2017-04-18,NA,"S. Oh",2017-04-19,"S. Oh",2017-04-19,"S. Oh",2017-06-07,"mouse","C57BL/6N",NA,"days old (P)",NA,1,12,"pipette",NA,"n/a",NA,"brain","cortex",NA,"astrocyte",NA,NA,NA,NA,"primary culture","single cell",NA,"whole cell",NA,NA,NA,NA,NA,"N/A",NA,"aRNA",2,"13 - AGTCAA",NA,NA,"none",NA,"50ng","Illumina TruSeq Stranded (RS-122-2101/2)",TRUE,2,"2014 Jackie aRNA Protocol","Morris library protocol - 2014",NA,"Default",NA,NA,"N/A",2.1,"STAR_2.4.0h1",1.1,"mm10",0,75,35390209,150,147,0.09,29534100,33518297,83.45,11.26,5.29,"v0.1.4","/lab/repo/resources/lib/verse/mm10.anti.gtf",1,"gene_id",1,1,1,21751132,1,12189,1784,228993,96861,NA,NA,NA,NA,NA,NA,NA,287522,9151,31,8021,703,3053541,9849,310,70674,200910,NA,NA,NA,NA,NA,416940,8015,52,32852,21690,1413149,26,54351,966466,2963,111911,19,5890,47436,38351,2135300,10513,203,55024,3126,416551,1569902,78,125,27410613,0,1111597,73.6,NA,1,10.3,NA,1.4,4.8,0.4,7.2,0,"2.2.30",1.1,"mm10",75,5000,"TATAGTGAGT",4903,24,0.8,3,0,0,1,4862,13,0,NA,0,0,0,98.1,"0.7.2",20,53,1,26,0,"/lab/repo/resources/trim/contaminants.fa",35390240,2048860,5680532,5896442,31,17508,17980,23411739,23135924,1138680,1262932,4398255,4700684,NA,NA,502216,248122,2837,213429,NA,NA,3390,3156,39648,16157,NA,NA,NA,NA,NA,NA,NA,NA,NA,NA,NA,NA,NA,NA,NA,NA,NA,NA,NA,NA,NA,NA,NA,NA,NA,NA,NA,NA,NA,NA,NA,NA,NA,NA,NA,NA,NA,NA,NA,NA,226,6764,5859,1234,NA,NA,NA,NA,NA,NA,NA,NA,NA,NA,NA,NA,NA,NA,NA,NA,NA,NA,NA,NA,NA,NA,NA,NA,NA,NA,NA,NA,NA,NA,NA,NA,NA,NA,NA,NA,NA,NA,NA,NA,NA,NA,NA,NA,NA,NA,NA,NA,NA,NA,NA,NA,NA,NA,NA,NA,"Clara_18","J. Eberwine, J. Kim",NA,2017-06-21,"Illumina","NextSeq 500","Illumina FC-404-2002",75,"PE","inHouse",NA,"bcl2fastq2 v2.17",NA
471,"J175_18","M","Clara_18",18,NA,NA,"J. Lee",2017-04-19,NA,"S. Oh",2017-05-03,"S. Oh",2017-05-03,"S. Oh",2017-06-07,"mouse","C57BL/6N",NA,"days old (P)",NA,1,12,"pipette",NA,"n/a",NA,"brain","cortex",NA,"astrocyte",NA,NA,NA,NA,"primary culture","single cell",NA,"whole cell",NA,NA,NA,NA,NA,"N/A",NA,"aRNA",2,"18 - GTCCGC",NA,NA,"none",NA,"50ng","Illumina TruSeq Stranded (RS-122-2101/2)",TRUE,2,"2014 Jackie aRNA Protocol","Morris library protocol - 2014",NA,"Default",NA,NA,"N/A",2.1,"STAR_2.4.0h1",1.1,"mm10",0,75,32485988,151,147,0.09,27930865,30608642,85.98,8.24,5.78,"v0.1.4","/lab/repo/resources/lib/verse/mm10.anti.gtf",1,"gene_id",1,1,1,19727399,0,10937,1803,185625,59897,NA,NA,NA,NA,NA,NA,NA,240472,8227,29,2997,549,3892147,7064,550,68588,252112,NA,NA,NA,NA,NA,278365,5784,48,37871,18481,1412130,24,58838,966004,3930,75410,16,4713,46750,30907,1936299,7662,252,49019,2767,406134,1591328,72,129,25783251,0,1089345,70.6,NA,0.9,13.9,NA,1,5.1,0.3,6.9,0,"2.2.30",1.1,"mm10",75,5000,"TATAGTGAGT",4922,32,1.7,2,0,0,18,4837,34,0,NA,0,0,0,98.4,"0.7.2",20,53,1,26,0,"/lab/repo/resources/trim/contaminants.fa",32486027,1745625,5356728,5435497,39,18007,16335,22694490,22210263,1149669,1150468,4357580,4554927,NA,NA,166806,81951,2474,69373,NA,NA,3442,3256,30734,15627,NA,NA,NA,NA,NA,NA,NA,NA,NA,NA,NA,NA,NA,NA,NA,NA,NA,NA,NA,NA,NA,NA,NA,NA,NA,NA,NA,NA,NA,NA,NA,NA,NA,NA,NA,NA,NA,NA,NA,NA,246,4447,3960,1520,NA,NA,NA,NA,NA,NA,NA,NA,NA,NA,NA,NA,NA,NA,NA,NA,NA,NA,NA,NA,NA,NA,NA,NA,NA,NA,NA,NA,NA,NA,NA,NA,NA,NA,NA,NA,NA,NA,NA,NA,NA,NA,NA,NA,NA,NA,NA,NA,NA,NA,NA,NA,NA,NA,NA,NA,"Clara_18","J. Eberwine, J. Kim",NA,2017-06-21,"Illumina","NextSeq 500","Illumina FC-404-2002",75,"PE","inHouse",NA,"bcl2fastq2 v2.17",NA
471,"J176_25","M","Clara_18",25,NA,NA,"J. Lee",2017-04-19,NA,"S. Oh",2017-05-03,"S. Oh",2017-05-03,"S. Oh",2017-06-08,"mouse","C57BL/6N",NA,"days old (P)",NA,1,12,"pipette",NA,"n/a",NA,"brain","cortex",NA,"astrocyte",NA,NA,NA,NA,"primary culture","single cell",NA,"whole cell",NA,NA,NA,NA,NA,"N/A",NA,"aRNA",2,"25 - ACTGAT",NA,NA,"none",NA,"50ng","Illumina TruSeq Stranded (RS-122-2101/2)",TRUE,2,"2014 Jackie aRNA Protocol","Morris library protocol - 2014",NA,"Default",NA,NA,"N/A",2.1,"STAR_2.4.0h1",1.1,"mm10",0,75,34584467,151,147,0.1,27938342,32057158,80.78,11.91,7.3,"v0.1.4","/lab/repo/resources/lib/verse/mm10.anti.gtf",1,"gene_id",1,1,1,22131076,0,11300,1958,267520,91249,NA,NA,NA,NA,NA,NA,NA,320299,8723,36,18246,943,1784193,6986,255,34314,131167,NA,NA,NA,NA,NA,239410,5398,44,27841,17077,1343933,26,51689,780171,7469,99770,17,5868,67135,51437,1715793,7454,230,51418,4526,274862,1085728,72,121,26485475,0,1074092,79.2,NA,1.1,6.4,NA,0.9,4.8,0.4,6.1,0,"2.2.30",1.1,"mm10",75,5000,"TATAGTGAGT",4918,34,2.3,1,0,0,49,4806,28,0,NA,0,0,0,98.4,"0.7.2",20,53,1,26,0,"/lab/repo/resources/trim/contaminants.fa",34584696,2098364,5933833,5963965,229,39058,17909,23775698,23108869,1228251,1219342,4809880,4964299,NA,NA,285843,160442,2597,86560,NA,NA,3786,3741,49584,17697,NA,NA,NA,NA,NA,NA,NA,NA,NA,NA,NA,NA,NA,NA,NA,NA,NA,NA,NA,NA,NA,NA,NA,NA,NA,NA,NA,NA,NA,NA,NA,NA,NA,NA,NA,NA,NA,NA,NA,NA,244,5920,8516,1997,NA,NA,NA,NA,NA,NA,NA,NA,NA,NA,NA,NA,NA,NA,NA,NA,NA,NA,NA,NA,NA,NA,NA,NA,NA,NA,NA,NA,NA,NA,NA,NA,NA,NA,NA,NA,NA,NA,NA,NA,NA,NA,NA,NA,NA,NA,NA,NA,NA,NA,NA,NA,NA,NA,NA,NA,"Clara_18","J. Eberwine, J. Kim",NA,2017-06-21,"Illumina","NextSeq 500","Illumina FC-404-2002",75,"PE","inHouse",NA,"bcl2fastq2 v2.17",NA
471,"J182_2","N","Clara_18",2,NA,NA,"J. Lee",2017-04-04,NA,"S. Oh",2017-04-05,"S. Oh",2017-04-05,"S. Oh",2017-04-28,"mouse","C57BL/6N",NA,"days old (P)",NA,1,12,"pipette",NA,"n/a",NA,"brain","cortex",NA,"astrocyte",NA,NA,NA,NA,"primary culture","single cell",NA,"whole cell",NA,NA,NA,NA,NA,"N/A",NA,"aRNA",2,"2 - CGATGT",NA,NA,"none",NA,"50ng","Illumina TruSeq Stranded (RS-122-2101/2)",TRUE,2,"2014 Jackie aRNA Protocol","Morris library protocol - 2014",NA,"Default",NA,NA,"N/A",2.1,"STAR_2.4.0h1",1.1,"mm10",0,75,32742116,151,146,0.12,27998866,30740196,85.51,8.37,6.11,"v0.1.4","/lab/repo/resources/lib/verse/mm10.anti.gtf",1,"gene_id",1,1,1,19930655,0,10944,1821,397463,51741,NA,NA,NA,NA,NA,NA,NA,325984,8088,40,3219,1329,3244692,7037,461,97152,206055,NA,NA,NA,NA,NA,471789,5863,80,45886,22347,1374494,24,57270,959357,7896,83193,16,5199,49734,47686,2227717,8001,278,52877,3288,502597,1502122,71,125,25846860,0,1246817,71.2,NA,1.2,11.6,NA,1.7,4.9,0.3,8,0,"2.2.30",1.1,"mm10",75,5000,"TATAGTGAGT",4918,62,2.2,3,1,0,9,4809,34,0,NA,0,0,0,98.4,"0.7.2",20,53,1,26,0,"/lab/repo/resources/trim/contaminants.fa",32742164,1774740,5223727,5550113,48,15103,19060,22046475,21926199,1129177,1226564,4283013,4655706,NA,NA,136843,71634,2758,54082,NA,NA,2336,3191,35665,22101,NA,NA,NA,NA,NA,NA,NA,NA,NA,NA,NA,NA,NA,NA,NA,NA,NA,NA,NA,NA,NA,NA,NA,NA,NA,NA,NA,NA,NA,NA,NA,NA,NA,NA,NA,NA,NA,NA,NA,NA,324,5953,5958,3244,NA,NA,NA,NA,NA,NA,NA,NA,NA,NA,NA,NA,NA,NA,NA,NA,NA,NA,NA,NA,NA,NA,NA,NA,NA,NA,NA,NA,NA,NA,NA,NA,NA,NA,NA,NA,NA,NA,NA,NA,NA,NA,NA,NA,NA,NA,NA,NA,NA,NA,NA,NA,NA,NA,NA,NA,"Clara_18","J. Eberwine, J. Kim",NA,2017-06-21,"Illumina","NextSeq 500","Illumina FC-404-2002",75,"PE","inHouse",NA,"bcl2fastq2 v2.17",NA
473,"J183_1","N","Clara_19",1,NA,NA,"J. Lee",2017-04-19,NA,"S. Oh",2017-05-03,"S. Oh",2017-05-03,"S. Oh",2017-06-08,"mouse","C57BL/6N",NA,"days old (P)",NA,1,12,"pipette",NA,"n/a",NA,"brain","cortex",NA,"astrocyte",NA,NA,NA,NA,"primary culture","single cell",NA,"whole cell",NA,NA,NA,NA,NA,"N/A",NA,"aRNA",2,"1 - ATCACG",NA,NA,"none",NA,"50ng","Illumina TruSeq Stranded (RS-122-2101/2)",TRUE,2,"2014 Jackie aRNA Protocol","Morris library protocol - 2014",NA,"Default",NA,NA,"N/A",2.1,"STAR_2.4.0h1",1.1,"mm10",0,75,32556496,150,147,0.09,27313481,31300886,83.9,12.25,3.86,"v0.1.4","/lab/repo/resources/lib/verse/mm10.anti.gtf",1,"gene_id",1,1,1,17777436,0,13070,1360,333404,71019,NA,NA,NA,NA,NA,NA,NA,265349,10068,26,9071,602,4369597,10880,401,64101,282841,NA,NA,NA,NA,NA,522316,9050,57,39946,34319,1602934,29,55273,948133,3926,115218,18,6401,64157,12239,2252242,11721,192,30929,3443,474872,2107295,80,129,24566201,0,896563,65.1,NA,1,16,NA,1.9,5.9,0.4,8.2,0,"2.2.30",1.1,"mm10",75,5000,"TATAGTGAGT",4924,29,1,0,0,0,8,4875,15,0,NA,0,0,1,98.5,"0.7.2",20,53,1,26,0,"/lab/repo/resources/trim/contaminants.fa",32557832,1886155,4130737,4383676,1336,78690,17616,15562537,15518318,752474,962609,2436217,2772138,NA,NA,1185572,611591,2752,457214,NA,NA,2303,1343,27305,6062,NA,NA,NA,NA,NA,NA,NA,NA,NA,NA,NA,NA,NA,NA,NA,NA,NA,NA,NA,NA,NA,NA,NA,NA,NA,NA,NA,NA,NA,NA,NA,NA,NA,NA,NA,NA,NA,NA,NA,NA,91,5389,2503,243,NA,NA,NA,NA,NA,NA,NA,NA,NA,NA,NA,NA,NA,NA,NA,NA,NA,NA,NA,NA,NA,NA,NA,NA,NA,NA,NA,NA,NA,NA,NA,NA,NA,NA,NA,NA,NA,NA,NA,NA,NA,NA,NA,NA,NA,NA,NA,NA,NA,NA,NA,NA,NA,NA,NA,NA,"Clara_19","J. Eberwine, J. Kim",NA,2017-06-21,"Illumina","NextSeq 500","Illumina FC-404-2002",75,"PE","inHouse",NA,"bcl2fastq2 v2.17",NA
471,"J185_4","N","Clara_18",4,NA,NA,"J. Lee",2017-04-11,NA,"S. Oh",2017-04-12,"S. Oh",2017-04-12,"S. Oh",2017-04-28,"mouse","C57BL/6N",NA,"days old (P)",NA,1,12,"pipette",NA,"n/a",NA,"brain","cortex",NA,"astrocyte",NA,NA,NA,NA,"primary culture","single cell",NA,"whole cell",NA,NA,NA,NA,NA,"N/A",NA,"aRNA",2,"4 - TGACCA",NA,NA,"none",NA,"50ng","Illumina TruSeq Stranded (RS-122-2101/2)",TRUE,2,"2014 Jackie aRNA Protocol","Morris library protocol - 2014",NA,"Default",NA,NA,"N/A",2.1,"STAR_2.4.0h1",1.1,"mm10",0,75,31206159,151,146,0.14,24530202,28594490,78.61,13.02,8.37,"v0.1.4","/lab/repo/resources/lib/verse/mm10.anti.gtf",1,"gene_id",1,1,1,15057892,0,11198,1344,121363,53016,NA,NA,NA,NA,NA,NA,NA,378031,8763,43,15381,1468,3230286,8720,370,179535,225344,NA,NA,NA,NA,NA,697079,7949,87,78285,47742,1849730,23,80423,1044622,9502,198395,18,11021,136781,120785,2655241,10611,250,37487,5691,820954,1551867,78,128,21994974,0,1126798,61.4,NA,1.5,13.2,NA,2.8,7.5,0.8,10.8,0,"2.2.30",1.1,"mm10",75,5000,"TATAGTGAGT",4871,25,0.9,0,0,0,2,4829,16,0,NA,0,0,0,97.4,"0.7.2",20,53,1,26,0,"/lab/repo/resources/trim/contaminants.fa",31206181,2058017,5671994,5661298,22,15927,18128,21926939,21407407,1177880,1154091,4755320,4840661,NA,NA,115176,57830,1741,47292,NA,NA,2522,4029,33989,16205,NA,NA,NA,NA,NA,NA,NA,NA,NA,NA,NA,NA,NA,NA,NA,NA,NA,NA,NA,NA,NA,NA,NA,NA,NA,NA,NA,NA,NA,NA,NA,NA,NA,NA,NA,NA,NA,NA,NA,NA,267,8660,4713,2446,NA,NA,NA,NA,NA,NA,NA,NA,NA,NA,NA,NA,NA,NA,NA,NA,NA,NA,NA,NA,NA,NA,NA,NA,NA,NA,NA,NA,NA,NA,NA,NA,NA,NA,NA,NA,NA,NA,NA,NA,NA,NA,NA,NA,NA,NA,NA,NA,NA,NA,NA,NA,NA,NA,NA,NA,"Clara_18","J. Eberwine, J. Kim",NA,2017-06-21,"Illumina","NextSeq 500","Illumina FC-404-2002",75,"PE","inHouse",NA,"bcl2fastq2 v2.17",NA
471,"J186_5","N","Clara_18",5,NA,NA,"J. Lee",2017-04-11,NA,"S. Oh",2017-04-12,"S. Oh",2017-04-12,"S. Oh",2017-04-28,"mouse","C57BL/6N",NA,"days old (P)",NA,1,12,"pipette",NA,"n/a",NA,"brain","cortex",NA,"astrocyte",NA,NA,NA,NA,"primary culture","single cell",NA,"whole cell",NA,NA,NA,NA,NA,"N/A",NA,"aRNA",2,"5 - ACAGTG",NA,NA,"none",NA,"50ng","Illumina TruSeq Stranded (RS-122-2101/2)",TRUE,2,"2014 Jackie aRNA Protocol","Morris library protocol - 2014",NA,"Default",NA,NA,"N/A",2.1,"STAR_2.4.0h1",1.1,"mm10",0,75,30827076,151,147,0.12,25157177,28482202,81.61,10.79,7.6,"v0.1.4","/lab/repo/resources/lib/verse/mm10.anti.gtf",1,"gene_id",1,1,1,18835038,0,10545,1786,290967,116377,NA,NA,NA,NA,NA,NA,NA,418602,8327,50,47787,3863,2248358,8315,270,90278,145158,NA,NA,NA,NA,NA,399444,7768,51,40406,18254,709224,24,29551,489326,2964,76883,17,4522,50302,40644,2137522,10144,210,34946,4846,428342,1358837,83,126,23233147,0,1063353,74.9,NA,1.7,8.9,NA,1.6,2.8,0.3,8.5,0,"2.2.30",1.1,"mm10",75,5000,"TATAGTGAGT",4910,43,1.6,1,2,0,6,4829,29,0,NA,0,0,0,98.2,"0.7.2",20,53,1,26,0,"/lab/repo/resources/trim/contaminants.fa",30827107,1903861,5412497,5450471,31,15275,17376,21591618,20893751,1141862,1130951,4540258,4659143,NA,NA,91743,48336,1964,34447,NA,NA,2174,3403,35332,17788,NA,NA,NA,NA,NA,NA,NA,NA,NA,NA,NA,NA,NA,NA,NA,NA,NA,NA,NA,NA,NA,NA,NA,NA,NA,NA,NA,NA,NA,NA,NA,NA,NA,NA,NA,NA,NA,NA,NA,NA,221,9467,5394,2532,NA,NA,NA,NA,NA,NA,NA,NA,NA,NA,NA,NA,NA,NA,NA,NA,NA,NA,NA,NA,NA,NA,NA,NA,NA,NA,NA,NA,NA,NA,NA,NA,NA,NA,NA,NA,NA,NA,NA,NA,NA,NA,NA,NA,NA,NA,NA,NA,NA,NA,NA,NA,NA,NA,NA,NA,"Clara_18","J. Eberwine, J. Kim",NA,2017-06-21,"Illumina","NextSeq 500","Illumina FC-404-2002",75,"PE","inHouse",NA,"bcl2fastq2 v2.17",NA
471,"J187_6","N","Clara_18",6,NA,NA,"J. Lee",2017-04-11,NA,"S. Oh",2017-04-12,"S. Oh",2017-04-12,"S. Oh",2017-06-07,"mouse","C57BL/6N",NA,"days old (P)",NA,1,12,"pipette",NA,"n/a",NA,"brain","cortex",NA,"astrocyte",NA,NA,NA,NA,"primary culture","single cell",NA,"whole cell",NA,NA,NA,NA,NA,"N/A",NA,"aRNA",2,"6 - GCCAAT",NA,NA,"none",NA,"50ng","Illumina TruSeq Stranded (RS-122-2101/2)",TRUE,2,"2014 Jackie aRNA Protocol","Morris library protocol - 2014",NA,"Default",NA,NA,"N/A",2.1,"STAR_2.4.0h1",1.1,"mm10",0,75,29285959,151,147,0.11,24139188,27226620,82.43,10.54,7.03,"v0.1.4","/lab/repo/resources/lib/verse/mm10.anti.gtf",1,"gene_id",1,1,1,17676402,0,9696,1823,177129,65949,NA,NA,NA,NA,NA,NA,NA,290169,6669,43,15474,527,2537418,6695,379,54500,152814,NA,NA,NA,NA,NA,304358,6248,48,26065,16298,1243921,27,46071,934013,3599,51450,16,3215,21853,32195,1759245,8595,204,48961,4843,407983,1352119,74,123,22239818,0,1018078,73.2,NA,1.2,10.5,NA,1.3,5.2,0.2,7.3,0,"2.2.30",1.1,"mm10",75,5000,"TATAGTGAGT",4895,34,1.2,2,0,0,9,4838,12,0,NA,0,0,3,97.9,"0.7.2",20,53,1,26,0,"/lab/repo/resources/trim/contaminants.fa",29286163,1743216,5239753,5188058,204,46460,13501,21028664,20610878,1122153,1088833,4310502,4407054,NA,NA,133426,50843,2138,41376,NA,NA,3176,2705,20662,16441,NA,NA,NA,NA,NA,NA,NA,NA,NA,NA,NA,NA,NA,NA,NA,NA,NA,NA,NA,NA,NA,NA,NA,NA,NA,NA,NA,NA,NA,NA,NA,NA,NA,NA,NA,NA,NA,NA,NA,NA,213,4150,2095,1455,NA,NA,NA,NA,NA,NA,NA,NA,NA,NA,NA,NA,NA,NA,NA,NA,NA,NA,NA,NA,NA,NA,NA,NA,NA,NA,NA,NA,NA,NA,NA,NA,NA,NA,NA,NA,NA,NA,NA,NA,NA,NA,NA,NA,NA,NA,NA,NA,NA,NA,NA,NA,NA,NA,NA,NA,"Clara_18","J. Eberwine, J. Kim",NA,2017-06-21,"Illumina","NextSeq 500","Illumina FC-404-2002",75,"PE","inHouse",NA,"bcl2fastq2 v2.17",NA
